6.411245465278625488e-02,-1.721768617630004883e+00,-6.867797970771789551e-01,-8.192189931869506836e-01,-3.956563174724578857e-01,-6.200100183486938477e-01,-2.014226317405700684e-01,-4.266992211341857910e-02,-2.502769231796264648e-02,-2.684895098209381104e-01
9.382968544960021973e-01,4.861473441123962402e-01,-5.658279061317443848e-01,-2.425494194030761719e+00,2.377668619155883789e+00,-2.286606788635253906e+00,2.037262201309204102e+00,-1.372900009155273438e-01,1.768902540206909180e+00,-7.651129364967346191e-01
6.740249395370483398e-01,1.582876801490783691e+00,4.708484709262847900e-01,-9.696698784828186035e-01,-7.441313862800598145e-01,-8.337911963462829590e-01,-6.016135811805725098e-01,-3.861850500106811523e-02,-2.257716804742813110e-01,1.149673461914062500e+00
-6.482163667678833008e-01,4.677053093910217285e-01,1.668162792921066284e-01,-1.569043844938278198e-01,7.083250880241394043e-01,1.354858186095952988e-02,-1.284632325172424316e+00,-9.128990769386291504e-01,-1.293199300765991211e+00,-5.277886986732482910e-01
5.961223840713500977e-01,-7.541219592094421387e-01,6.710005402565002441e-01,-5.529564023017883301e-01,-1.060716509819030762e+00,-9.686580896377563477e-01,1.182093620300292969e+00,-6.649448871612548828e-01,-6.169183254241943359e-01,1.358126282691955566e+00
-1.159437775611877441e+00,-1.314470767974853516e+00,1.318403840065002441e+00,-5.855984687805175781e-01,8.735205531120300293e-01,9.405263066291809082e-01,-1.456928014755249023e+00,-1.214412927627563477e+00,-7.835877537727355957e-01,6.027370095252990723e-01
-7.204084992408752441e-01,-5.901888012886047363e-01,-1.020101904869079590e+00,-1.045819520950317383e+00,-2.366679310798645020e-01,1.681617736816406250e+00,-1.517746806144714355e+00,-2.190973520278930664e+00,3.274252414703369141e-01,6.842468380928039551e-01
-1.336772322654724121e+00,-7.959728240966796875e-01,3.523904681205749512e-01,-6.113948822021484375e-01,-8.481699228286743164e-01,-1.726790547370910645e+00,5.721561312675476074e-01,7.789821624755859375e-01,-6.898582577705383301e-01,1.554593592882156372e-01
8.792749047279357910e-01,-3.709920495748519897e-02,7.105512022972106934e-01,1.252016782760620117e+00,-1.448351740837097168e+00,2.686217725276947021e-01,-1.420182704925537109e+00,9.938563108444213867e-01,-6.520326733589172363e-01,-2.734473049640655518e-01
-1.285974860191345215e+00,-1.276986956596374512e+00,1.364873170852661133e+00,-8.848543167114257812e-01,-5.854679942131042480e-01,9.061588048934936523e-01,1.000017166137695312e+00,1.678814142942428589e-01,-7.351197004318237305e-01,-6.832484155893325806e-02
9.309251904487609863e-01,1.282380580902099609e+00,5.146363973617553711e-01,-4.700600206851959229e-01,-2.808930873870849609e-01,-4.718377590179443359e-01,1.145577907562255859e+00,-9.299918413162231445e-01,1.409469604492187500e+00,-7.555122375488281250e-01
6.767836809158325195e-01,-1.040160179138183594e+00,9.272906184196472168e-01,2.018697261810302734e+00,-3.088382184505462646e-01,-2.361952364444732666e-01,-8.028938174247741699e-01,-6.989790201187133789e-01,-7.501912117004394531e-01,-1.043546915054321289e+00
5.769810080528259277e-01,-2.719139754772186279e-01,1.084794700145721436e-01,-9.699817895889282227e-01,-3.697858750820159912e-01,1.642386198043823242e+00,1.025186926126480103e-01,1.155272483825683594e+00,8.105997443199157715e-01,-4.911649823188781738e-01
5.634400527924299240e-03,2.492514848709106445e+00,2.529916286468505859e+00,-1.310611844062805176e+00,-2.376557737588882446e-01,-4.756869003176689148e-02,1.602647542953491211e+00,-1.048555970191955566e+00,8.301312476396560669e-02,-1.114728689193725586e+00
1.218590140342712402e+00,-1.069090604782104492e+00,2.892210483551025391e+00,-8.176791071891784668e-01,1.089885473251342773e+00,3.873613476753234863e-01,-6.770748496055603027e-01,3.282708525657653809e-01,-4.507632553577423096e-02,1.326520681381225586e+00
9.625288248062133789e-01,1.348979473114013672e+00,-1.044059514999389648e+00,-4.067429304122924805e-01,-1.022338032722473145e+00,3.870177567005157471e-01,-7.499486953020095825e-02,3.155582845211029053e-01,-2.113408565521240234e+00,1.221723794937133789e+00
3.095290064811706543e-01,-9.421650767326354980e-01,7.594283223152160645e-01,-3.741045892238616943e-01,-1.295655816793441772e-01,-2.872891724109649658e-01,1.653121829032897949e+00,-2.350570857524871826e-01,-1.039900064468383789e+00,-3.148967325687408447e-01
-5.182904601097106934e-01,8.522418886423110962e-02,6.519575417041778564e-02,-2.516499347984790802e-02,1.846410185098648071e-01,1.665567278861999512e+00,2.294613569974899292e-01,-2.814602255821228027e-01,8.265265822410583496e-01,5.969406962394714355e-01
-7.244368195533752441e-01,1.076751112937927246e+00,3.653155267238616943e-01,-1.437752723693847656e+00,-9.016963839530944824e-01,1.272016763687133789e+00,1.091472625732421875e+00,-1.474674820899963379e+00,-7.993954420089721680e-01,-1.025638103485107422e+00
1.024698615074157715e+00,-3.883148133754730225e-01,7.365265488624572754e-01,-1.544582724571228027e+00,7.050656080245971680e-01,9.605184197425842285e-01,5.238522887229919434e-01,-6.463024616241455078e-01,-2.209021091461181641e+00,1.492604017257690430e+00
-7.118676900863647461e-01,8.889682590961456299e-02,1.019075751304626465e+00,-1.345553755760192871e+00,1.621217131614685059e+00,2.709267288446426392e-02,-1.514041662216186523e+00,1.263060212135314941e+00,1.336263537406921387e+00,9.467681050300598145e-01
-5.504671931266784668e-01,7.749373912811279297e-01,8.199676871299743652e-02,-5.699764490127563477e-01,-5.846809744834899902e-01,1.025047898292541504e+00,6.065378189086914062e-01,5.122613906860351562e-01,1.198596119880676270e+00,-1.208257436752319336e+00
1.583407521247863770e+00,1.123599529266357422e+00,-1.192098259925842285e+00,-9.446614384651184082e-01,4.600521028041839600e-01,4.992825984954833984e-01,1.775308400392532349e-01,-1.516669392585754395e-01,1.990569353103637695e+00,9.398238658905029297e-01
1.696608185768127441e+00,1.399927973747253418e+00,1.248849630355834961e-01,-2.259396076202392578e+00,-1.433765888214111328e+00,7.008867263793945312e-01,5.862955451011657715e-01,7.746543288230895996e-01,8.287610411643981934e-01,1.161775887012481689e-01
-1.396179914474487305e+00,1.487760096788406372e-01,6.214813590049743652e-01,-8.527508378028869629e-01,-1.210695624351501465e+00,2.352184057235717773e-01,2.112403362989425659e-01,-2.206535190343856812e-01,-5.156579017639160156e-01,1.693880319595336914e+00
-4.901697635650634766e-01,-9.341456741094589233e-02,-5.143026709556579590e-01,4.783021658658981323e-02,-4.677487611770629883e-01,3.095349073410034180e-01,1.938570618629455566e+00,-7.550742011517286301e-04,3.054448366165161133e-01,-1.675173044204711914e+00
-2.593267709016799927e-02,-1.802022159099578857e-01,2.474164485931396484e+00,1.492730230093002319e-01,-2.908914387226104736e-01,2.675888128578662872e-02,6.094683408737182617e-01,1.631518483161926270e+00,-1.563195824623107910e+00,-2.661860287189483643e-01
-6.176505684852600098e-01,-3.056456744670867920e-01,-8.423177599906921387e-01,-1.102458238601684570e-01,8.275740742683410645e-01,3.920621275901794434e-01,-4.044234454631805420e-01,7.491775751113891602e-01,-2.539407253265380859e+00,-1.660518646240234375e+00
4.937671124935150146e-01,3.108986914157867432e-01,1.159582614898681641e+00,3.222663104534149170e-01,1.001026988029479980e+00,1.140426278114318848e+00,1.560966730117797852e+00,-1.217981815338134766e+00,-8.138319253921508789e-01,-1.364349126815795898e-01
6.259273886680603027e-01,3.763188719749450684e-01,-2.169725656509399414e+00,5.644816160202026367e-01,-2.319038957357406616e-01,-2.820699214935302734e-01,3.753853961825370789e-02,-2.792670488357543945e+00,1.026044785976409912e-01,-1.814064502716064453e+00
2.046379446983337402e-02,-8.613683581352233887e-01,-4.038113653659820557e-01,-1.369585633277893066e+00,2.523218840360641479e-02,-3.169552683830261230e-01,1.129501033574342728e-02,2.140889763832092285e-01,1.592677354812622070e+00,1.166489839553833008e+00
-1.794651448726654053e-01,4.070390760898590088e-01,-2.175643593072891235e-01,6.850282549858093262e-01,-2.075508832931518555e-01,-4.363914132118225098e-01,3.338390588760375977e-01,4.174781441688537598e-01,-5.694335103034973145e-01,5.257344245910644531e-02
9.837932586669921875e-01,3.294968903064727783e-01,1.012294292449951172e+00,-3.847800493240356445e-01,1.138131380081176758e+00,1.053069114685058594e+00,1.369228214025497437e-01,1.950440406799316406e+00,6.927946209907531738e-01,1.390787601470947266e+00
6.788886785507202148e-01,1.259232401847839355e+00,-1.077530011534690857e-01,9.819911718368530273e-01,-2.729987502098083496e-01,-3.654144108295440674e-01,9.724262356758117676e-01,-1.379533559083938599e-01,1.102128982543945312e+00,1.098772525787353516e+00
1.158271193504333496e+00,-1.196431145071983337e-01,6.801611185073852539e-01,-2.105912685394287109e+00,-1.147784948348999023e+00,-1.223582983016967773e+00,-2.854067087173461914e-01,-4.379870593547821045e-01,-2.667014837265014648e+00,-4.927881807088851929e-02
-2.841165363788604736e-01,9.862700700759887695e-01,1.378648877143859863e+00,4.900154173374176025e-01,4.832861423492431641e-01,-5.243340730667114258e-01,-5.444913506507873535e-01,6.974749267101287842e-02,8.842459321022033691e-01,8.015906214714050293e-01
1.019532442092895508e+00,-1.351864218711853027e+00,-8.817010521888732910e-01,6.218383908271789551e-01,1.328964114189147949e+00,-3.532432317733764648e-01,1.770663619041442871e+00,4.956059455871582031e-01,9.678668379783630371e-01,-2.904575765132904053e-01
-5.252486467361450195e-01,-2.400942802429199219e+00,-1.304086685180664062e+00,1.931194514036178589e-01,-3.001415431499481201e-01,-3.938937932252883911e-02,-4.086883962154388428e-01,1.756812185049057007e-01,7.467597723007202148e-01,-9.783075451850891113e-01
-2.583490371704101562e+00,1.696626067161560059e+00,1.008154749870300293e+00,9.301542639732360840e-01,5.133280158042907715e-01,-1.352569699287414551e+00,1.237293839454650879e+00,9.205590486526489258e-01,-1.500129818916320801e+00,-2.318510532379150391e+00
1.390023082494735718e-01,-4.976736009120941162e-01,-1.373298883438110352e+00,6.750671267509460449e-01,1.202071428298950195e+00,3.480007648468017578e-01,5.814959481358528137e-02,2.607325557619333267e-03,-7.650188207626342773e-01,-7.206616997718811035e-01
-2.185660153627395630e-01,-6.699428558349609375e-01,8.728192001581192017e-02,6.217308044433593750e-01,-1.287889629602432251e-01,-5.050413012504577637e-01,9.430507421493530273e-01,-1.422743082046508789e+00,-7.088403105735778809e-01,-3.866160809993743896e-01
-1.789691805839538574e+00,9.404583573341369629e-01,-1.036180496215820312e+00,5.956014394760131836e-01,-1.165874481201171875e+00,1.353036880493164062e+00,-9.873279929161071777e-01,-1.803216338157653809e+00,7.573066353797912598e-01,2.520155608654022217e-01
8.869674801826477051e-01,-2.888966798782348633e-01,5.386860575526952744e-03,1.245133280754089355e+00,6.586678624153137207e-01,-1.497237920761108398e+00,5.665874481201171875e-01,1.494377374649047852e+00,1.469037175178527832e+00,1.581452488899230957e-01
3.384215384721755981e-02,-4.653242602944374084e-02,-7.518706321716308594e-01,5.609933733940124512e-01,-7.260398268699645996e-01,1.166646003723144531e+00,-7.450618147850036621e-01,8.671876043081283569e-02,-9.096027612686157227e-01,8.217962384223937988e-01
-2.157069742679595947e-01,-1.096327543258666992e+00,2.800592780113220215e-01,1.798422694206237793e+00,-2.591062486171722412e-01,-7.908638119697570801e-01,1.236016035079956055e+00,2.285415410995483398e+00,1.160419464111328125e+00,-8.229497075080871582e-01
-7.437053918838500977e-01,-5.501091480255126953e-01,-2.982354462146759033e-01,2.327655792236328125e+00,1.933318257331848145e+00,-1.581242233514785767e-01,9.720174074172973633e-01,4.121151566505432129e-01,2.025393486022949219e+00,-4.431555569171905518e-01
1.092242240905761719e+00,3.500959277153015137e-01,5.656140446662902832e-01,1.079300880432128906e+00,4.175931513309478760e-01,4.029421210289001465e-01,-1.663884967565536499e-01,1.822839975357055664e+00,9.691755175590515137e-01,-1.308299601078033447e-01
1.925591945648193359e+00,5.398350954055786133e-01,7.142592072486877441e-01,5.028148740530014038e-02,2.012319862842559814e-01,-9.743865132331848145e-01,-8.996549248695373535e-01,-1.103683590888977051e+00,9.639084339141845703e-01,1.084809526801109314e-01
-8.009378910064697266e-01,-5.743737220764160156e-01,5.406312346458435059e-01,1.863377451896667480e+00,-2.448040246963500977e+00,2.549177110195159912e-01,-4.682461023330688477e-01,1.065971493721008301e+00,-3.833045959472656250e-01,-4.100067615509033203e-01
6.581118702888488770e-01,-3.696045577526092529e-01,-8.273883461952209473e-01,4.733617305755615234e-01,-4.047084748744964600e-01,-3.532389700412750244e-01,-4.859660863876342773e-01,-1.922505021095275879e+00,2.559908866882324219e+00,-3.687635064125061035e-02
1.842794537544250488e+00,4.964861571788787842e-01,-3.235681354999542236e-01,-3.985656797885894775e-01,-7.081583738327026367e-01,6.547768115997314453e-01,1.302915453910827637e+00,1.057830095291137695e+00,1.177811622619628906e+00,3.926563262939453125e-01
-7.115209698677062988e-01,-4.450901150703430176e-01,4.677506908774375916e-02,1.559443175792694092e-01,3.375911712646484375e-02,-1.607281327247619629e+00,-3.627831339836120605e-01,1.026943922042846680e+00,1.829312682151794434e+00,-1.959794521331787109e+00
1.295213460922241211e+00,-9.287793636322021484e-01,-1.535399198532104492e+00,-6.554510593414306641e-01,5.175954103469848633e-01,-7.449135184288024902e-01,2.811173163354396820e-02,7.680082321166992188e-01,-6.991986632347106934e-01,3.054068386554718018e-01
-2.498414516448974609e-01,-2.388630628585815430e+00,2.602843940258026123e-01,1.408126056194305420e-01,-1.583714038133621216e-01,3.070611953735351562e-01,-1.689919978380203247e-01,-1.033876370638608932e-02,5.633770823478698730e-01,-1.739499568939208984e+00
-1.226660013198852539e+00,4.049741104245185852e-02,-4.345676302909851074e-01,-5.065023303031921387e-01,-1.298450082540512085e-01,3.945868611335754395e-01,-1.069066286087036133e+00,-4.262501001358032227e-01,7.816179394721984863e-01,5.803591758012771606e-02
-1.146321967244148254e-01,-4.245693981647491455e-01,-1.818188130855560303e-01,-1.865415096282958984e+00,2.506935596466064453e-01,-1.158888697624206543e+00,4.337862730026245117e-01,7.981978654861450195e-01,-5.536039471626281738e-01,-5.676076412200927734e-01
1.732971429824829102e+00,1.093890905380249023e+00,-1.210406422615051270e+00,8.527326583862304688e-01,5.636255741119384766e-01,-1.209469698369503021e-02,-3.482251465320587158e-01,2.823656201362609863e-01,8.910545706748962402e-01,7.931701540946960449e-01
-1.659903645515441895e+00,2.930554747581481934e-01,-7.201884984970092773e-01,-2.462918758392333984e-01,9.785940051078796387e-01,-7.827612161636352539e-01,5.429048538208007812e-01,-2.989932149648666382e-02,-1.324561595916748047e+00,2.138159990310668945e+00
-2.933498322963714600e-01,8.506205081939697266e-01,1.592449188232421875e+00,1.770985245704650879e+00,6.883945465087890625e-01,7.944362163543701172e-01,-1.613183736801147461e+00,-1.402407646179199219e+00,1.997633934020996094e+00,-5.288511514663696289e-01
2.430280685424804688e+00,-9.524099826812744141e-01,-3.729897737503051758e-02,-3.009074628353118896e-01,-1.142579913139343262e+00,4.041502177715301514e-01,-1.591743350028991699e+00,-6.321615576744079590e-01,1.531748175621032715e+00,-6.773278713226318359e-01
-1.290809392929077148e+00,-4.361677169799804688e-01,-1.582057237625122070e+00,-4.132840931415557861e-01,-2.023006200790405273e+00,-1.672953367233276367e+00,6.014370918273925781e-01,-1.130961775779724121e+00,3.848041296005249023e-01,-2.040389925241470337e-01
-7.788183540105819702e-02,1.154220461845397949e+00,-2.551810145378112793e-01,1.008568167686462402e+00,9.072804450988769531e-01,1.516040563583374023e+00,1.258915960788726807e-01,-2.927517294883728027e-01,-2.758175432682037354e-01,-1.082315817475318909e-01
-1.085797309875488281e+00,-2.187211990356445312e+00,8.633937835693359375e-01,-2.014988809823989868e-01,3.925046622753143311e-01,-1.140077233314514160e+00,7.408825159072875977e-01,-1.260988354682922363e+00,-1.149321675300598145e+00,2.308479696512222290e-01
-1.292161583900451660e+00,-1.057391464710235596e-01,1.879801869392395020e+00,-1.366991519927978516e+00,2.745608389377593994e-01,1.693409800529479980e+00,-8.140916228294372559e-01,-8.722408413887023926e-01,-1.045982003211975098e+00,-1.464240074157714844e+00
-1.189177632331848145e+00,-1.849582344293594360e-01,-2.613760232925415039e+00,6.672167181968688965e-01,-7.716724276542663574e-01,1.501734852790832520e-01,-1.290461301803588867e+00,-1.658123172819614410e-02,1.565850824117660522e-01,-1.648159742355346680e+00
1.732380986213684082e-01,-4.225780069828033447e-01,-6.934756636619567871e-01,-9.997718334197998047e-01,2.623915970325469971e-01,1.421851873397827148e+00,1.301959633827209473e+00,7.249116897583007812e-01,-3.635120987892150879e-01,-1.018443584442138672e+00
3.688147962093353271e-01,7.051078677177429199e-01,9.688520431518554688e-02,-3.830528855323791504e-01,5.022225379943847656e-01,8.176988363265991211e-02,1.002601146697998047e+00,-4.219289124011993408e-01,5.033879876136779785e-01,4.003814458847045898e-01
1.376443147659301758e+00,6.979538202285766602e-01,-1.623282730579376221e-01,-4.384410083293914795e-01,-5.893098711967468262e-01,8.921535015106201172e-01,5.004136562347412109e-01,6.168068647384643555e-01,-3.448606431484222412e-01,3.351651430130004883e-01
1.252545952796936035e+00,6.711603403091430664e-01,6.064939498901367188e-01,1.560169607400894165e-01,-3.779570758342742920e-02,8.504750132560729980e-01,5.624892115592956543e-01,3.604675531387329102e-01,2.696605920791625977e-01,1.410363078117370605e+00
2.295293092727661133e+00,-4.853982329368591309e-01,2.081205844879150391e-01,1.820131391286849976e-01,3.150033354759216309e-01,6.397082805633544922e-01,-5.401930212974548340e-01,2.726079821586608887e-01,-4.312066733837127686e-01,-9.331321120262145996e-01
2.755257487297058105e-01,1.216986060142517090e+00,7.650980949401855469e-01,3.080209195613861084e-01,-1.311347037553787231e-01,-2.096983671188354492e+00,1.897464692592620850e-01,9.021162986755371094e-01,-1.718443781137466431e-01,7.041730880737304688e-01
-1.446497321128845215e+00,2.954733073711395264e-01,-1.371936321258544922e+00,-1.501959800720214844e+00,6.504531502723693848e-01,-1.897299289703369141e+00,2.210245132446289062e+00,-1.872054219245910645e+00,4.560744166374206543e-01,-1.386719942092895508e+00
-8.008164763450622559e-01,1.018347144126892090e+00,9.661970734596252441e-01,-1.370779991149902344e+00,-1.105180263519287109e+00,-6.411030888557434082e-01,1.386361360549926758e+00,3.518212139606475830e-01,5.624982118606567383e-01,5.569691061973571777e-01
-1.071824312210083008e+00,-1.261229872703552246e+00,1.397760868072509766e+00,1.818541884422302246e-01,1.087922930717468262e+00,7.637625336647033691e-01,-2.324005514383316040e-01,4.454735200852155685e-03,1.182684063911437988e+00,-2.092291593551635742e+00
-1.211910992860794067e-01,1.387483775615692139e-01,1.368565917015075684e+00,1.163706779479980469e+00,-3.343133628368377686e-02,1.163464188575744629e+00,-1.730993986129760742e+00,6.110038757324218750e-01,-6.918156147003173828e-01,-5.990761518478393555e-01
1.351738452911376953e+00,-1.456361293792724609e+00,-5.164774656295776367e-01,2.487322092056274414e+00,1.824939966201782227e+00,-8.976520895957946777e-01,-1.071975305676460266e-01,-9.641863703727722168e-01,-5.477924942970275879e-01,-6.250035166740417480e-01
4.270701110363006592e-01,1.517012864351272583e-01,2.461805194616317749e-01,-1.005406752228736877e-01,1.882924139499664307e-01,9.849599599838256836e-01,7.030667066574096680e-01,2.131906270980834961e+00,2.690339386463165283e-01,-9.446036219596862793e-01
-1.701886951923370361e-02,-1.181809753179550171e-01,-2.221738547086715698e-01,-2.771078944206237793e-01,-2.149047553539276123e-01,1.102368831634521484e+00,1.959166079759597778e-01,-6.808127164840698242e-01,1.270736575126647949e+00,2.382121086120605469e+00
3.169782757759094238e-01,2.285883277654647827e-01,7.202170491218566895e-01,1.054223775863647461e+00,1.769755840301513672e+00,5.887869596481323242e-01,6.099947690963745117e-01,-1.389849901199340820e+00,-4.828003346920013428e-01,-3.646966516971588135e-01
5.709239244461059570e-01,3.667844235897064209e-01,-7.821031212806701660e-01,1.285051465034484863e+00,-2.105748802423477173e-01,-3.448528051376342773e-01,-1.430267810821533203e+00,3.416961431503295898e-01,-4.138495326042175293e-01,1.013453006744384766e+00
4.938867092132568359e-01,1.209933161735534668e+00,9.756610393524169922e-01,-2.205000400543212891e+00,9.092811942100524902e-01,-1.408332824707031250e+00,-3.422116339206695557e-01,1.691467463970184326e-01,-2.630425095558166504e-01,-1.323771104216575623e-02
1.554230153560638428e-01,-2.633804082870483398e-01,-5.689018964767456055e-01,1.771128177642822266e-01,1.354996800422668457e+00,-8.786185644567012787e-03,5.364505052566528320e-01,1.242953777313232422e+00,9.695283770561218262e-01,-2.786877453327178955e-01
4.153149724006652832e-01,-2.318454682826995850e-01,-7.944438457489013672e-01,1.887112259864807129e+00,2.731890916824340820e+00,-3.357377052307128906e-01,-1.181968688964843750e+00,1.081486463546752930e+00,8.516549319028854370e-02,-7.716035246849060059e-01
-9.507469534873962402e-01,-1.109496831893920898e+00,-1.704116821289062500e+00,1.199260115623474121e+00,1.255630612373352051e+00,1.614280343055725098e-01,1.559975504875183105e+00,-2.403821200132369995e-01,2.935386002063751221e-01,5.040189027786254883e-01
9.788364171981811523e-01,-8.067404627799987793e-01,9.304333329200744629e-01,-3.730493783950805664e-01,-7.366428375244140625e-01,2.699779868125915527e-01,1.071660161018371582e+00,-1.314011693000793457e+00,-2.204418659210205078e+00,-8.872411847114562988e-01
6.197605133056640625e-01,-7.685518860816955566e-01,9.475815296173095703e-01,-1.250326156616210938e+00,7.558089494705200195e-01,-1.357815384864807129e+00,8.522399663925170898e-01,-1.947930335998535156e+00,-3.267170488834381104e-01,1.658548414707183838e-01
-1.524397373199462891e+00,4.305870831012725830e-01,-5.415331721305847168e-01,1.961123347282409668e-01,1.266214966773986816e+00,-4.157556593418121338e-01,1.470449864864349365e-01,-9.893933683633804321e-02,-1.189132571220397949e+00,7.505277395248413086e-01
1.193092167377471924e-01,-1.104915380477905273e+00,1.031390070915222168e+00,1.534162908792495728e-01,5.625271797180175781e-01,5.406757593154907227e-01,-1.892228573560714722e-01,-6.349161267280578613e-01,-1.575815081596374512e+00,-2.068829774856567383e+00
-4.297760426998138428e-01,-7.616043090820312500e-01,-1.468892097473144531e+00,2.322706878185272217e-01,-1.736918538808822632e-01,-4.106815904378890991e-02,1.214945912361145020e+00,-1.746139883995056152e+00,-1.086880326271057129e+00,-6.606049537658691406e-01
4.038392007350921631e-01,4.231071174144744873e-01,1.846920967102050781e+00,3.523473739624023438e-01,-2.364950418472290039e+00,1.183825254440307617e+00,-8.453946709632873535e-01,-4.583612084388732910e-01,1.077151775360107422e+00,1.487624764442443848e+00
-4.919982850551605225e-01,9.221200942993164062e-01,2.834239900112152100e-01,-2.340924292802810669e-01,1.348601460456848145e+00,1.387028992176055908e-01,-1.679134130477905273e+00,2.631524205207824707e-01,2.557647943496704102e+00,-8.396284580230712891e-01
6.235150098800659180e-01,2.994436919689178467e-01,-1.654442191123962402e+00,1.849067509174346924e-01,4.678231179714202881e-01,-9.718884229660034180e-01,1.890389919281005859e+00,4.085275530815124512e-01,1.016375184059143066e+00,-2.447159290313720703e+00
-4.931196570396423340e-02,1.659015297889709473e+00,-1.205695271492004395e+00,4.317847788333892822e-01,-4.720543622970581055e-01,-5.871375799179077148e-01,7.862471938133239746e-01,-4.655891060829162598e-01,-1.028850767761468887e-02,-1.035325407981872559e+00
8.785991668701171875e-01,5.129483938217163086e-01,-1.038202285766601562e+00,-1.610254883766174316e+00,-2.483046293258666992e+00,-1.384983062744140625e-01,-8.316546082496643066e-01,8.562884330749511719e-01,-1.781458109617233276e-01,-7.535956501960754395e-01
-6.809211373329162598e-01,2.031828314065933228e-01,5.930091440677642822e-02,-1.031052470207214355e+00,1.707306355237960815e-01,-2.714989900588989258e+00,4.902284741401672363e-01,5.022601783275604248e-02,4.761374294757843018e-01,5.933218002319335938e-01
5.647227540612220764e-02,-6.615170240402221680e-01,-5.831909775733947754e-01,1.657893210649490356e-01,9.315772354602813721e-02,-6.317147612571716309e-01,-5.414256453514099121e-01,2.044996500015258789e+00,1.076295852661132812e+00,1.160836499184370041e-02
-9.201371669769287109e-01,-6.025757193565368652e-01,2.759442925453186035e-01,1.898051798343658447e-01,1.121183753013610840e+00,-4.099637269973754883e-01,-8.256683945655822754e-01,-9.668586850166320801e-01,3.208308219909667969e-01,4.272487461566925049e-01
-6.733303070068359375e-01,-1.478851437568664551e+00,3.853446245193481445e-01,-2.938044667243957520e-01,-5.727442353963851929e-02,-1.826824426651000977e+00,8.365246653556823730e-01,3.069724738597869873e-01,-1.025566577911376953e+00,-9.322596192359924316e-01
1.205941796302795410e+00,1.232002496719360352e+00,1.022418618202209473e+00,-2.550723850727081299e-01,-2.864432632923126221e-01,2.046028375625610352e+00,-2.702372074127197266e+00,-1.135710552334785461e-01,-1.069596290588378906e+00,1.193669319152832031e+00
6.933572292327880859e-01,6.107701659202575684e-01,5.279043316841125488e-01,1.173826456069946289e+00,-2.204623460769653320e+00,5.788525938987731934e-01,-9.943927526473999023e-01,5.879909992218017578e-01,-1.904008388519287109e-01,-2.494581937789916992e-01
-8.309228420257568359e-01,3.642040304839611053e-03,2.121766090393066406e+00,5.269607305526733398e-01,-4.162127673625946045e-01,6.603866219520568848e-01,-1.630320310592651367e+00,9.836845397949218750e-01,4.642899632453918457e-01,9.033837914466857910e-01
-2.060020923614501953e+00,-3.232975304126739502e-01,1.152290225028991699e+00,-8.184862732887268066e-01,5.821616053581237793e-01,-2.058539986610412598e-01,-1.221865534782409668e+00,-4.392881989479064941e-01,5.897233486175537109e-01,-1.038243889808654785e+00
1.368367552757263184e+00,-1.854633450508117676e+00,4.233108758926391602e-01,-4.843344092369079590e-01,2.515056729316711426e-01,7.465596199035644531e-01,-1.598816066980361938e-01,-5.977452397346496582e-01,-4.073774516582489014e-01,-4.316969215869903564e-01
-3.276895880699157715e-01,7.278107404708862305e-01,-8.259480595588684082e-01,1.140602678060531616e-02,2.025813341140747070e+00,-4.402710869908332825e-02,-6.176416277885437012e-01,9.545508623123168945e-01,3.395040035247802734e-01,2.866526246070861816e-01
8.692651391029357910e-01,-7.822892069816589355e-01,-6.832764744758605957e-01,1.443679332733154297e+00,2.094014883041381836e+00,-9.468531012535095215e-01,2.418769359588623047e+00,9.285398721694946289e-01,-1.384053677320480347e-01,-1.825201809406280518e-01
2.048844657838344574e-02,8.088700473308563232e-02,6.538035869598388672e-01,2.196637541055679321e-01,6.126871705055236816e-01,7.966558337211608887e-01,-1.064509391784667969e+00,-4.792032241821289062e-01,-3.176606297492980957e-01,1.695717453956604004e+00
1.008500978350639343e-01,-5.735368132591247559e-01,8.042543530464172363e-01,2.406725883483886719e-01,-7.263435721397399902e-01,-7.255952358245849609e-01,-1.299821257591247559e+00,-5.081269145011901855e-01,1.416535824537277222e-01,3.217107057571411133e-01
8.666270375251770020e-01,1.475193619728088379e+00,1.612448334693908691e+00,-1.313086390495300293e+00,-1.853701829910278320e+00,-3.154614865779876709e-01,-7.324869036674499512e-01,-1.254644393920898438e+00,-1.889869570732116699e+00,8.412039279937744141e-01
-5.929338335990905762e-01,-1.230519175529479980e+00,1.503322958946228027e+00,-2.016339451074600220e-01,-2.284786224365234375e+00,-3.556054234504699707e-01,-2.029040336608886719e+00,-5.050478577613830566e-01,2.084826231002807617e-01,7.217448949813842773e-02
1.191265225410461426e+00,-3.090651929378509521e-01,1.050230264663696289e+00,5.333153009414672852e-01,-1.055724859237670898e+00,6.624101400375366211e-01,-7.663511037826538086e-01,1.696969032287597656e+00,-4.899481534957885742e-01,8.520087003707885742e-01
-6.383411884307861328e-01,-6.518067717552185059e-01,-2.133832931518554688e+00,2.599937021732330322e-01,-2.781281471252441406e-01,1.345871210098266602e+00,4.345843493938446045e-01,4.949833154678344727e-01,-3.755219280719757080e-01,-5.680879354476928711e-01
1.078772783279418945e+00,8.948188424110412598e-01,7.400257587432861328e-01,-1.285128444433212280e-01,1.231395363807678223e+00,-9.636614918708801270e-01,-1.362776279449462891e+00,-1.408175468444824219e+00,-1.159718632698059082e+00,6.073802337050437927e-02
-6.379874348640441895e-01,1.926050901412963867e+00,-4.962047562003135681e-02,-1.312196016311645508e+00,-1.443482398986816406e+00,-4.131861925125122070e-01,-4.912017285823822021e-01,1.709813117980957031e+00,3.898932635784149170e-01,-1.644371390342712402e+00
8.604556322097778320e-01,5.497694611549377441e-01,9.115667343139648438e-01,-1.262944221496582031e+00,-3.947235643863677979e-01,1.414393901824951172e+00,2.299901098012924194e-01,4.916437566280364990e-01,7.075204253196716309e-01,3.573103249073028564e-01
-1.439758777618408203e+00,6.699738651514053345e-02,-1.940696120262145996e+00,1.437567770481109619e-01,1.326877355575561523e+00,2.342031151056289673e-01,-2.890257239341735840e-01,-5.224947258830070496e-02,8.197431564331054688e-01,3.950956165790557861e-01
4.809417128562927246e-01,2.196641713380813599e-01,7.616010904312133789e-01,4.012705087661743164e-01,-2.022030949592590332e-01,5.546921491622924805e-02,2.090060859918594360e-01,-1.372991651296615601e-01,-2.004768326878547668e-02,-3.473574817180633545e-01
-1.620857000350952148e+00,-1.306518554687500000e+00,1.595605850219726562e+00,-1.403325200080871582e+00,7.267178893089294434e-01,-2.027066469192504883e+00,8.916726112365722656e-01,-1.291404664516448975e-01,5.590884685516357422e-01,-1.265630602836608887e+00
-2.694360017776489258e-01,2.359794139862060547e+00,-1.276695579290390015e-01,1.317113518714904785e+00,-7.196962833404541016e-02,-3.709079325199127197e-01,-1.386914551258087158e-01,-8.363787531852722168e-01,-4.391213953495025635e-01,-1.580360084772109985e-01
4.617453515529632568e-01,-9.211633801460266113e-01,9.890651702880859375e-02,-3.418864905834197998e-01,6.841649413108825684e-01,-1.580961823463439941e+00,-7.999057769775390625e-01,-1.064607501029968262e+00,-1.495359659194946289e+00,-7.930603623390197754e-01
2.976786792278289795e-01,4.477591514587402344e-01,1.421184778213500977e+00,-1.129266262054443359e+00,-1.533064961433410645e+00,-1.981053268536925316e-03,2.248212695121765137e-01,-7.798503637313842773e-01,-1.341466665267944336e+00,5.239019393920898438e-01
4.453871548175811768e-01,-1.338937878608703613e-01,7.426456809043884277e-01,-7.101233005523681641e-01,-9.851065278053283691e-01,3.273854017257690430e+00,-2.062801867723464966e-01,-1.504277288913726807e-01,-2.598416507244110107e-01,8.552823215723037720e-02
-2.807294130325317383e-01,8.868874311447143555e-01,-1.218403577804565430e+00,3.961008042097091675e-02,7.364084124565124512e-01,-6.661005020141601562e-01,8.358346819877624512e-01,7.306905984878540039e-01,-8.166854977607727051e-01,-1.134459376335144043e+00
-3.998264074325561523e-01,1.153778314590454102e+00,-4.781951606273651123e-01,4.951660037040710449e-01,-1.375248879194259644e-01,1.304898142814636230e+00,1.854707479476928711e+00,2.099635004997253418e-01,1.089747905731201172e+00,8.098922371864318848e-01
4.874053895473480225e-01,4.780498147010803223e-01,6.151329278945922852e-01,-9.775682687759399414e-01,-1.635283350944519043e+00,5.961606502532958984e-01,-4.850152730941772461e-01,-5.871174931526184082e-01,6.045298576354980469e-01,1.181546449661254883e+00
2.087426632642745972e-01,7.906659841537475586e-01,4.792168140411376953e-01,1.195016026496887207e+00,-1.616771697998046875e+00,5.076508522033691406e-01,-5.113653540611267090e-01,1.813330650329589844e+00,1.710266172885894775e-01,4.017206728458404541e-01
5.708104968070983887e-01,-1.593028664588928223e+00,1.219622731208801270e+00,-1.346581578254699707e-01,-2.249285578727722168e-03,-3.883878290653228760e-01,6.953751295804977417e-02,-2.776094377040863037e-01,-4.005673527717590332e-02,-1.402129769325256348e+00
-7.961936593055725098e-01,-7.210142612457275391e-01,1.171179056167602539e+00,-1.826450973749160767e-01,-1.544550210237503052e-01,-7.608376145362854004e-01,1.994484066963195801e-01,1.166907429695129395e+00,1.420337557792663574e+00,-1.075840219855308533e-01
-9.445094466209411621e-01,1.436152338981628418e+00,5.220157280564308167e-02,-1.079095840454101562e+00,-5.264286994934082031e-01,8.770740628242492676e-01,1.550500750541687012e+00,-1.382136702537536621e+00,1.110131263732910156e+00,-1.117124915122985840e+00
4.275860488414764404e-01,2.321452617645263672e+00,-1.540391445159912109e-01,-5.161857604980468750e-01,-8.197834491729736328e-01,4.248460009694099426e-02,7.222417593002319336e-01,7.488403320312500000e-01,2.186309397220611572e-01,-8.289048671722412109e-01
-6.683565974235534668e-01,-6.561518311500549316e-01,1.341840147972106934e+00,1.253673672676086426e+00,-3.839065134525299072e-01,-3.569063842296600342e-01,-1.436197996139526367e+00,-7.753454446792602539e-01,1.558986604213714600e-01,2.622418105602264404e-01
2.797308862209320068e-01,1.688358545303344727e+00,1.979305982589721680e+00,5.498757362365722656e-01,1.329601287841796875e+00,5.665063261985778809e-01,-1.159967780113220215e+00,4.464479684829711914e-01,-6.192618012428283691e-01,1.564453840255737305e+00
1.518674373626708984e+00,7.401257753372192383e-01,1.643002867698669434e+00,-1.820270299911499023e+00,-3.395642936229705811e-01,-1.904397010803222656e-01,-1.316202152520418167e-02,-2.999968826770782471e-01,-2.376922130584716797e+00,1.440936326980590820e-01
3.321745395660400391e-01,7.866312861442565918e-01,6.424810290336608887e-01,1.869580388069152832e+00,-1.229389235377311707e-01,-9.208838939666748047e-01,7.487381696701049805e-01,-1.262264549732208252e-01,1.142495036125183105e+00,-6.346472352743148804e-02
-3.332890272140502930e-01,1.739757061004638672e+00,-1.789628982543945312e+00,6.788117885589599609e-01,-4.146358966827392578e-01,1.630112528800964355e-01,1.440407514572143555e+00,2.548583745956420898e-01,-1.389596939086914062e+00,2.500125646591186523e+00
-2.771665811538696289e+00,6.756128072738647461e-01,-2.860859222710132599e-02,-1.673956632614135742e+00,-7.450692057609558105e-01,-1.245013594627380371e+00,-9.225797653198242188e-01,7.716640830039978027e-01,-5.052251219749450684e-01,-4.178987443447113037e-01
1.781847625970840454e-01,1.889974623918533325e-01,1.430545926094055176e+00,1.070701360702514648e+00,-7.281776666641235352e-01,1.627605110406875610e-01,1.244836449623107910e+00,3.587277233600616455e-01,-8.157879710197448730e-01,-8.683841824531555176e-01
-2.356600522994995117e+00,-4.185301959514617920e-01,-2.213409394025802612e-01,2.872159481048583984e-01,4.204566776752471924e-01,-8.482654690742492676e-01,5.709412097930908203e-01,-1.902601361274719238e+00,9.839689359068870544e-03,9.197664260864257812e-02
9.351168274879455566e-01,1.462949991226196289e+00,1.592431664466857910e+00,-2.041099071502685547e+00,-9.569503664970397949e-01,-5.184643864631652832e-01,1.883310317993164062e+00,1.269289944320917130e-02,-1.049813628196716309e+00,1.711505293846130371e+00
1.366535305976867676e+00,-9.338457882404327393e-02,-1.754748106002807617e+00,-1.285838246345520020e+00,1.017553284764289856e-01,-1.574424803256988525e-01,1.114743351936340332e-01,1.201001048088073730e+00,3.730249106884002686e-01,-4.778351485729217529e-01
-1.106752395629882812e+00,4.635232985019683838e-01,1.720959842205047607e-01,-1.076782703399658203e+00,8.940922617912292480e-01,1.163943931460380554e-01,-3.584032952785491943e-01,-4.951691627502441406e-01,4.271177649497985840e-01,5.859938859939575195e-01
-8.209077268838882446e-02,-8.266349881887435913e-02,-2.574725449085235596e-01,-1.030129909515380859e+00,1.540624052286148071e-01,-7.510443031787872314e-02,7.421880364418029785e-01,-1.174314737319946289e+00,-6.935993432998657227e-01,-1.916053444147109985e-01
-1.580883502960205078e+00,5.466963648796081543e-01,8.636783957481384277e-01,-5.746372938156127930e-01,1.749655365943908691e+00,6.365333795547485352e-01,-9.854239225387573242e-01,7.678504586219787598e-01,2.075343847274780273e+00,-2.443902254104614258e+00
1.473974466323852539e+00,8.534100055694580078e-01,1.148029923439025879e+00,-1.007685780525207520e+00,-7.366583943367004395e-01,-2.349559545516967773e+00,-1.549402177333831787e-01,3.529031574726104736e-01,-1.015744566917419434e+00,-2.577020525932312012e-01
1.866836309432983398e+00,3.582803905010223389e-01,-7.336726784706115723e-02,-7.002995610237121582e-01,-1.505593180656433105e+00,1.187527179718017578e+00,4.352890849113464355e-01,-7.736195921897888184e-01,-4.810664951801300049e-01,5.529720783233642578e-01
-3.505514860153198242e-01,6.719693541526794434e-01,2.883562743663787842e-01,1.906934976577758789e-01,-4.573505818843841553e-01,4.067000448703765869e-01,-3.116399645805358887e-01,-7.037982344627380371e-01,5.074874758720397949e-01,-1.263311147689819336e+00
-7.300934791564941406e-01,-1.030392765998840332e+00,-1.548883676528930664e+00,-2.284463942050933838e-01,-1.106842041015625000e+00,-4.132194221019744873e-01,8.421156406402587891e-01,-7.545099258422851562e-01,-1.988075375556945801e-01,-5.732249617576599121e-01
8.445954322814941406e-01,1.114346738904714584e-02,-3.459097445011138916e-01,1.274832487106323242e-01,5.096335411071777344e-01,-1.151290759444236755e-01,-9.218169450759887695e-01,3.062978982925415039e-01,1.158998608589172363e+00,8.774192333221435547e-01
-1.736287474632263184e-01,-4.465279281139373779e-01,8.258657455444335938e-01,-2.563934326171875000e+00,-6.107859611511230469e-01,3.030183352530002594e-02,5.474215373396873474e-02,1.748455017805099487e-01,-8.687478303909301758e-01,-4.317876398563385010e-01
2.116106986999511719e+00,-6.969356536865234375e-01,-1.227380156517028809e+00,-1.033517479896545410e+00,-2.835118770599365234e-01,-1.894134283065795898e+00,4.544633328914642334e-01,-1.651710867881774902e-01,1.483496189117431641e+00,1.318059206008911133e+00
-1.694689691066741943e-02,-1.206814289093017578e+00,1.284990310668945312e+00,5.786433815956115723e-01,1.386290550231933594e+00,-4.079097211360931396e-01,2.204727828502655029e-01,5.562693476676940918e-01,-4.409221410751342773e-01,-3.254344463348388672e-01
8.220069408416748047e-01,-1.499448299407958984e+00,9.648405015468597412e-02,9.697883725166320801e-01,-1.207674264907836914e+00,-6.114566922187805176e-01,6.909166276454925537e-02,1.931422233581542969e+00,-1.437559247016906738e+00,-3.136890828609466553e-01
1.234287977218627930e+00,-1.306476444005966187e-01,-3.032042384147644043e-01,-1.894643157720565796e-01,-3.297598063945770264e-01,-3.264528512954711914e-01,1.917659997940063477e+00,8.388128876686096191e-01,5.813116431236267090e-01,4.768493473529815674e-01
-1.366294384002685547e+00,-1.244341015815734863e+00,-2.098155736923217773e+00,2.831123471260070801e-01,-6.836436390876770020e-01,6.851838231086730957e-01,1.631026715040206909e-01,9.500221610069274902e-01,1.124392390251159668e+00,4.472592771053314209e-01
1.281246304512023926e+00,-1.342024505138397217e-01,-1.073282718658447266e+00,5.299265980720520020e-01,8.465376496315002441e-02,9.004462361335754395e-01,-4.019384980201721191e-01,2.942984690889716148e-03,-1.388604283332824707e+00,-1.678961753845214844e+00
-9.637907147407531738e-01,5.266722440719604492e-01,9.055268168449401855e-01,-4.473591744899749756e-01,-8.569818921387195587e-03,3.736343979835510254e-01,-2.592496275901794434e-01,-9.574866294860839844e-01,-1.924988441169261932e-02,4.842290282249450684e-01
1.466842651367187500e+00,9.944086670875549316e-01,1.025123357772827148e+00,6.070041656494140625e-01,5.598389506340026855e-01,-4.499464333057403564e-01,1.002196595072746277e-01,1.011087417602539062e+00,4.283289313316345215e-01,1.494753360748291016e-01
2.043161869049072266e+00,1.100003242492675781e+00,-1.014233589172363281e+00,7.797992229461669922e-01,1.030430197715759277e+00,6.865727305412292480e-01,-7.941392660140991211e-01,-3.185075521469116211e-02,1.800147175788879395e+00,3.698171079158782959e-01
5.234737396240234375e-01,-1.892412781715393066e+00,4.841587543487548828e-01,3.147148340940475464e-02,-2.038815736770629883e+00,-1.664023041725158691e+00,6.196509599685668945e-01,7.063797116279602051e-01,6.259106397628784180e-01,4.105633497238159180e-01
4.198164939880371094e-01,-1.271681666374206543e+00,1.327990531921386719e+00,1.645079702138900757e-01,-1.108659505844116211e+00,-2.311009913682937622e-02,1.146592617034912109e+00,2.642631530761718750e-01,-7.029721736907958984e-01,-1.767183184623718262e+00
4.850350320339202881e-01,3.338127732276916504e-01,5.960093438625335693e-02,2.436773777008056641e-01,2.808040194213390350e-02,-4.406686723232269287e-01,-5.556896328926086426e-01,1.490945219993591309e-01,2.029184252023696899e-01,3.578198254108428955e-01
-3.419289588928222656e-01,8.344449996948242188e-01,-4.716510884463787079e-03,-4.347019195556640625e-01,5.943255424499511719e-01,1.054003953933715820e+00,4.513632953166961670e-01,-1.802843809127807617e-02,-2.522270083427429199e-01,-2.187270820140838623e-01
-9.599954485893249512e-01,-1.744239568710327148e+00,7.467101812362670898e-01,-1.348077297210693359e+00,2.226323187351226807e-01,-7.272970676422119141e-02,-6.560457348823547363e-01,1.281251668930053711e+00,-4.345774054527282715e-01,-4.423061609268188477e-01
7.444284558296203613e-01,-9.180174767971038818e-02,-4.499281346797943115e-01,-1.704118728637695312e+00,2.077931880950927734e+00,3.984545171260833740e-01,-1.865811467170715332e+00,1.078613638877868652e+00,-7.165674120187759399e-02,-6.852610409259796143e-02
-1.810635566711425781e+00,9.881091117858886719e-01,-1.216840073466300964e-01,-4.879802167415618896e-01,-7.917730808258056641e-01,-5.635700821876525879e-01,1.377658247947692871e+00,-2.414281219244003296e-01,-1.170584440231323242e+00,9.099440574645996094e-01
-3.307279586791992188e+00,-2.149932622909545898e+00,-3.215166926383972168e-02,-1.208815813064575195e+00,-5.879217982292175293e-01,7.064116746187210083e-02,9.138273000717163086e-01,2.677634477615356445e+00,-1.187840819358825684e+00,1.718809485435485840e+00
1.352634310722351074e+00,-1.888519525527954102e-02,-9.661250710487365723e-01,-3.204997181892395020e-01,-3.568845242261886597e-02,-7.684229016304016113e-01,4.915967583656311035e-01,-2.951179444789886475e-01,1.010647416114807129e+00,1.714586138725280762e+00
-1.300739169120788574e+00,-5.026122331619262695e-01,-2.191300392150878906e+00,-4.609356224536895752e-01,1.313354015350341797e+00,-1.097321510314941406e+00,7.346205711364746094e-01,9.294101595878601074e-01,7.974236607551574707e-01,2.122461080551147461e+00
-2.409276366233825684e-02,1.528658568859100342e-01,3.241390585899353027e-01,-7.235776633024215698e-02,1.705017834901809692e-01,5.926530361175537109e-01,-3.386854529380798340e-01,2.827092111110687256e-01,2.520866394042968750e+00,-8.106866478919982910e-01
3.917403519153594971e-01,3.113854527473449707e-01,7.987353801727294922e-01,3.645399212837219238e-01,-3.075933456420898438e-01,4.161510765552520752e-01,6.772820949554443359e-01,-3.351747095584869385e-01,3.695337474346160889e-01,-1.144410446286201477e-01
6.541280746459960938e-01,-3.650788962841033936e-01,6.180219054222106934e-01,8.380798101425170898e-01,2.344612032175064087e-01,9.513990879058837891e-01,3.345122635364532471e-01,5.099482834339141846e-02,1.011923789978027344e+00,4.472043216228485107e-01
1.067738905549049377e-01,-2.072051763534545898e+00,-8.236904144287109375e-01,2.489092051982879639e-01,-1.665690660476684570e+00,8.483920693397521973e-01,-4.469844400882720947e-01,7.316076755523681641e-01,-1.936625093221664429e-01,1.348719000816345215e+00
2.206992655992507935e-01,-1.694768816232681274e-01,-8.950270414352416992e-01,1.446614861488342285e+00,5.210651159286499023e-01,-5.604141354560852051e-01,-1.646884441375732422e+00,-4.226464927196502686e-01,8.893970400094985962e-02,-3.644717633724212646e-01
2.064010620117187500e+00,4.349921643733978271e-01,-4.316346347332000732e-01,9.886915683746337891e-01,1.688729643821716309e+00,2.540080621838569641e-02,-1.517286777496337891e+00,2.885556221008300781e-01,-4.426925480365753174e-01,5.494086742401123047e-01
-8.155533671379089355e-01,-9.082573652267456055e-01,4.250556528568267822e-01,2.812838852405548096e-01,6.170492172241210938e-01,-2.633844129741191864e-02,4.448749423027038574e-01,1.816098809242248535e+00,-1.657525539398193359e+00,3.842222690582275391e-01
1.045220375061035156e+00,-1.401046067476272583e-01,3.419302403926849365e-01,-7.482057213783264160e-01,9.653781056404113770e-01,2.645788788795471191e-01,-1.085760354995727539e+00,-1.171525597572326660e+00,-2.070038467645645142e-01,3.756326436996459961e-01
1.844739675521850586e+00,-1.024518370628356934e+00,-7.057828307151794434e-01,5.734711885452270508e-01,9.865414351224899292e-03,-5.978183746337890625e-01,6.874428391456604004e-01,1.150848865509033203e+00,-7.947223186492919922e-01,9.125426411628723145e-01
-7.244083881378173828e-01,-9.286706447601318359e-01,-1.029930591583251953e+00,5.737286210060119629e-01,-7.629427313804626465e-01,1.068207979202270508e+00,7.490844130516052246e-01,-2.078142613172531128e-01,-1.601721346378326416e-02,-1.230322003364562988e+00
2.382613658905029297e+00,-7.032474875450134277e-01,1.780588328838348389e-01,1.751437410712242126e-02,7.819674611091613770e-01,7.481943815946578979e-02,5.788959860801696777e-01,7.642920613288879395e-01,-1.265984535217285156e+00,2.101035565137863159e-01
-4.968392550945281982e-01,-5.932563543319702148e-01,1.672628879547119141e+00,-9.017677307128906250e-01,6.558294892311096191e-01,8.947986364364624023e-01,7.670176029205322266e-02,6.840997934341430664e-02,6.397892832756042480e-01,-1.591209053993225098e+00
4.200221896171569824e-01,-1.166131138801574707e+00,-6.489701271057128906e-01,-3.940596878528594971e-01,7.378917336463928223e-01,1.569074392318725586e+00,-2.122300624847412109e+00,1.091932535171508789e+00,-2.537446260452270508e+00,-3.769051134586334229e-01
6.167802810668945312e-01,-1.485751628875732422e+00,6.443798542022705078e-01,-7.677290439605712891e-01,-9.252073764801025391e-01,-6.272053122520446777e-01,3.055672347545623779e-01,-1.262145161628723145e+00,3.699227273464202881e-01,9.174202382564544678e-02
6.208597868680953979e-02,2.428388744592666626e-01,2.991642653942108154e-01,1.568313717842102051e+00,6.763706356287002563e-02,-1.529151320457458496e+00,-5.133315324783325195e-01,-1.397147774696350098e+00,5.099241733551025391e-01,-2.218941152095794678e-01
2.304524332284927368e-01,9.964349865913391113e-01,1.012783050537109375e+00,4.874144494533538818e-01,1.941015839576721191e+00,-1.539419889450073242e+00,3.560141026973724365e-01,-7.820590138435363770e-01,1.477383524179458618e-01,1.433856248855590820e+00
-1.485495209693908691e+00,-3.613748848438262939e-01,1.812208443880081177e-01,-8.245660066604614258e-01,1.751173973083496094e+00,4.898198544979095459e-01,1.698346376419067383e+00,1.273197650909423828e+00,7.736571133136749268e-03,-2.200828790664672852e-01
-5.380123853683471680e-01,1.402424871921539307e-01,-4.171181321144104004e-01,-1.150165200233459473e-01,1.589287221431732178e-01,8.703786134719848633e-01,5.812442898750305176e-01,1.209440156817436218e-01,6.482338905334472656e-01,-1.272429823875427246e+00
3.310496509075164795e-01,-3.775294423103332520e-01,-3.527461290359497070e-01,-1.030155777931213379e+00,1.255242109298706055e+00,5.670294761657714844e-01,-6.284275054931640625e-01,-2.548094689846038818e-01,-1.550542593002319336e+00,2.807360887527465820e-01
-1.839424371719360352e+00,-8.764913678169250488e-01,-2.588093280792236328e-01,-1.199892520904541016e+00,1.866976261138916016e+00,-4.598630964756011963e-01,3.620758354663848877e-01,2.202047109603881836e-01,1.150559067726135254e+00,1.073409080505371094e+00
-4.678278863430023193e-01,-2.104639291763305664e+00,1.479316234588623047e+00,-2.191822230815887451e-01,7.073290348052978516e-01,-1.344047307968139648e+00,1.342720389366149902e+00,2.515676021575927734e-01,1.540217697620391846e-01,1.289902448654174805e+00
1.385978698730468750e+00,2.238279394805431366e-02,6.007049083709716797e-01,7.206560373306274414e-01,1.663180947303771973e+00,-7.881433963775634766e-01,3.881015628576278687e-02,1.851017475128173828e-01,3.967297971248626709e-01,-2.660568475723266602e+00
-1.387565881013870239e-01,-1.261220455169677734e+00,5.293616652488708496e-02,1.594018578529357910e+00,1.553003072738647461e+00,-7.122680544853210449e-01,3.226577341556549072e-01,2.338407516479492188e+00,-2.181778661906719208e-02,-1.932916939258575439e-01
-3.071508109569549561e-01,1.423231840133666992e+00,-1.324056833982467651e-01,5.844439864158630371e-01,1.785983800888061523e+00,-1.446180343627929688e-01,-1.085891842842102051e+00,1.879561245441436768e-01,8.299961686134338379e-02,-6.791301965713500977e-01
1.663782358169555664e+00,4.350911378860473633e-01,-4.063905477523803711e-01,8.140926361083984375e-01,-1.659108877182006836e+00,3.609320819377899170e-01,-2.634187936782836914e-01,-8.553528189659118652e-01,-4.092272818088531494e-01,1.820001006126403809e+00
2.937624454498291016e-01,1.423931598663330078e+00,-9.108904600143432617e-01,-6.436567902565002441e-01,2.417124748229980469e+00,7.479771375656127930e-01,1.010208249092102051e+00,-3.556383848190307617e-01,-2.731660902500152588e-01,-1.135274052619934082e+00
3.967584967613220215e-01,6.560570746660232544e-02,2.572569549083709717e-01,6.046698093414306641e-01,1.061767697334289551e+00,-9.970633387565612793e-01,1.811709761619567871e+00,1.205110311508178711e+00,-3.437137007713317871e-01,6.309970617294311523e-01
-1.043972492218017578e+00,1.481065601110458374e-01,7.863555550575256348e-01,-1.561948359012603760e-01,7.790552973747253418e-01,-1.648327112197875977e+00,3.918811082839965820e-01,5.064181685447692871e-01,-6.572659611701965332e-01,1.175917625427246094e+00
-7.435423135757446289e-01,4.344060122966766357e-01,1.829993724822998047e+00,1.603497505187988281e+00,-1.262312531471252441e+00,5.037721395492553711e-01,7.023229449987411499e-02,-2.293206214904785156e+00,-1.497713446617126465e+00,6.930552721023559570e-01
-1.379558444023132324e+00,3.316606581211090088e-01,-3.688328340649604797e-02,-7.536805868148803711e-01,-8.092773556709289551e-01,9.094486832618713379e-01,5.945567041635513306e-02,-7.877767086029052734e-01,2.736153304576873779e-01,8.803496956825256348e-01
8.163491487503051758e-01,4.367487132549285889e-01,4.527569115161895752e-01,-1.042453408241271973e+00,4.977388381958007812e-01,-1.697471141815185547e-01,1.638032078742980957e+00,8.023642748594284058e-02,-7.912481427192687988e-01,-3.424185812473297119e-01
1.832921952009201050e-01,1.642714381217956543e+00,-4.650174081325531006e-01,6.579485535621643066e-01,8.207744359970092773e-02,9.636274576187133789e-01,-8.493891954421997070e-01,-1.698704123497009277e+00,-6.742473840713500977e-01,1.744362950325012207e+00
-1.597065567970275879e+00,8.348124027252197266e-01,1.517989397048950195e+00,1.250248312950134277e+00,-5.132626295089721680e-01,1.705662965774536133e+00,-1.226197481155395508e+00,-2.309799641370773315e-01,2.727507948875427246e-01,1.541484594345092773e+00
-1.619380712509155273e+00,1.125508308410644531e+00,1.365884780883789062e+00,6.330714821815490723e-01,5.638188123703002930e-01,1.726891636848449707e+00,1.555769324302673340e+00,2.616571784019470215e-01,9.624994993209838867e-01,1.339896172285079956e-01
-2.611301839351654053e-01,-5.871202945709228516e-01,1.811871051788330078e+00,-5.721036195755004883e-01,-1.089564442634582520e+00,2.253947854042053223e-01,1.759285181760787964e-01,-9.518514573574066162e-02,5.341203212738037109e-01,-3.457147181034088135e-01
9.035084247589111328e-01,1.375972747802734375e+00,-5.777848958969116211e-01,6.570368409156799316e-01,-2.071961164474487305e-01,-2.780566215515136719e-01,-3.715842366218566895e-01,-4.183835983276367188e-01,-6.596007347106933594e-01,4.136997759342193604e-01
-9.302005171775817871e-01,-1.263425946235656738e-01,-7.397518157958984375e-01,-1.274422168731689453e+00,-9.526035189628601074e-01,3.711053133010864258e-01,-8.335450887680053711e-01,-2.873687744140625000e-01,1.107759237289428711e+00,1.845974922180175781e-01
1.801706671714782715e+00,-1.155446171760559082e+00,1.203864455223083496e+00,-1.179967880249023438e+00,9.002950042486190796e-02,-1.080596804618835449e+00,1.133383750915527344e+00,-1.645274519920349121e+00,-5.521586537361145020e-01,-8.467128127813339233e-02
9.086360335350036621e-01,-1.096013188362121582e+00,-1.916673541069030762e+00,-7.867832183837890625e-01,-1.066476225852966309e+00,1.247364759445190430e+00,-1.551628665765747428e-04,-5.743338167667388916e-02,-3.734982311725616455e-01,-4.659948945045471191e-01
1.771016359329223633e+00,-1.732141137123107910e+00,1.319928050041198730e+00,-9.861049056053161621e-01,9.593471288681030273e-01,7.800519466400146484e-01,-8.032010793685913086e-01,-1.716820001602172852e-01,2.178836345672607422e+00,1.217299923300743103e-01
1.102974653244018555e+00,-1.296922564506530762e-04,-5.785288810729980469e-01,6.198611855506896973e-01,-3.183191120624542236e-01,-1.407990694046020508e+00,-3.050336055457592010e-02,-7.687725424766540527e-01,8.187965750694274902e-01,-1.292010992765426636e-01
-4.385190308094024658e-01,-2.142682313919067383e+00,-4.533855319023132324e-01,5.299786329269409180e-01,-6.237571239471435547e-01,-4.123666882514953613e-01,1.702685713768005371e+00,-6.640169024467468262e-01,6.581622958183288574e-01,1.942935585975646973e+00
-3.231402337551116943e-01,1.524507880210876465e+00,1.790216118097305298e-01,5.785048604011535645e-01,-3.718630075454711914e-01,-7.885248064994812012e-01,5.574679374694824219e-01,-3.611521124839782715e-01,-3.064776360988616943e-01,4.087724685668945312e-01
7.420340776443481445e-01,-6.065739393234252930e-01,2.166510820388793945e-01,-1.082343339920043945e+00,-5.952956676483154297e-01,-1.210178852081298828e+00,-1.991047263145446777e+00,-4.922963976860046387e-01,-6.092744693160057068e-02,9.318310618400573730e-01
1.791950464248657227e+00,3.151810914278030396e-02,-1.310843348503112793e+00,2.444745451211929321e-01,-4.504065811634063721e-01,8.469602465629577637e-01,8.188214302062988281e-01,2.097001373767852783e-01,-1.186897158622741699e+00,-2.279063463211059570e+00
-2.254564911127090454e-01,-1.211456954479217529e-01,-9.879378676414489746e-01,4.361374378204345703e-01,8.888792991638183594e-01,-9.882612228393554688e-01,3.070183657109737396e-02,-5.820729136466979980e-01,9.474596977233886719e-01,-1.476606607437133789e+00
-9.859397411346435547e-01,-1.310111403465270996e+00,5.836464166641235352e-01,2.723146378993988037e-01,3.103723824024200439e-01,8.755306601524353027e-01,1.222380638122558594e+00,-8.473495393991470337e-02,1.014529466629028320e+00,3.683752715587615967e-01
1.367031693458557129e+00,-2.261718958616256714e-01,1.384921431541442871e+00,8.793218731880187988e-01,1.775572896003723145e-01,-1.770807653665542603e-01,6.112244129180908203e-01,-1.527920246124267578e+00,1.836363434791564941e+00,-3.106085956096649170e-01
-1.547273516654968262e+00,-2.211379110813140869e-01,1.602343440055847168e+00,-1.054345607757568359e+00,1.473803162574768066e+00,4.002393037080764771e-02,9.822153449058532715e-01,4.597396850585937500e-01,9.620722532272338867e-01,2.236361026763916016e+00
-1.268826723098754883e+00,-5.776152387261390686e-02,6.574729681015014648e-01,3.926651179790496826e-01,-4.877230525016784668e-02,2.007845163345336914e+00,-1.039790630340576172e+00,6.153364181518554688e-01,-8.338394165039062500e-01,3.133400380611419678e-01
-8.957848697900772095e-02,-7.679904997348785400e-02,-2.855540215969085693e-01,6.597072482109069824e-01,-6.592849493026733398e-01,2.574104547500610352e+00,-5.757297948002815247e-02,-6.835676431655883789e-01,-3.261104524135589600e-01,1.388513296842575073e-01
-6.259906888008117676e-01,-1.446738004684448242e+00,-4.682762324810028076e-01,1.950076669454574585e-01,4.708457887172698975e-01,-5.181745290756225586e-01,4.679822921752929688e-01,-5.873295068740844727e-01,1.047469824552536011e-01,4.872465729713439941e-01
-1.152817130088806152e+00,2.483067363500595093e-01,-8.332657217979431152e-01,2.233664751052856445e+00,-1.481191277503967285e+00,-9.239602684974670410e-01,5.170549452304840088e-02,9.193643927574157715e-01,-7.832981646060943604e-02,3.208487629890441895e-01
-2.786759436130523682e-01,-1.165906190872192383e+00,-9.997092485427856445e-01,-2.431290745735168457e-01,6.541732549667358398e-01,-8.634731173515319824e-01,-1.054031252861022949e+00,-5.744000077247619629e-01,1.821573078632354736e-01,-9.744220376014709473e-01
1.164142608642578125e+00,-2.721620798110961914e-01,-1.074501395225524902e+00,2.915996909141540527e-01,4.895571768283843994e-01,1.704575777053833008e+00,8.555000424385070801e-01,-3.665159940719604492e-01,-1.928555816411972046e-01,-2.431704998016357422e+00
7.641502618789672852e-01,1.830534458160400391e+00,-2.709409892559051514e-01,1.463325262069702148e+00,-6.273624897003173828e-01,7.091336250305175781e-01,2.014387130737304688e+00,5.054547190666198730e-01,-2.371996790170669556e-01,1.604806184768676758e-01
1.994644999504089355e+00,-2.957035899162292480e-01,-1.856916546821594238e-01,-2.178162336349487305e-01,1.668225169181823730e+00,-5.074931979179382324e-01,2.263267636299133301e-01,1.473638057708740234e+00,6.205634474754333496e-01,-9.114604592323303223e-01
9.259325861930847168e-01,-1.247149348258972168e+00,1.076251387596130371e+00,9.856988191604614258e-01,-1.797590255737304688e-01,-5.840587019920349121e-01,-1.101405024528503418e+00,-1.733756065368652344e+00,6.079906821250915527e-01,1.433580636978149414e+00
7.059137523174285889e-02,8.006494641304016113e-01,-1.396271109580993652e+00,1.441241145133972168e+00,-1.918849349021911621e-01,5.835064873099327087e-02,2.104309201240539551e-01,5.495058000087738037e-02,3.092424571514129639e-01,6.370779871940612793e-01
7.630407810211181641e-01,-6.738836318254470825e-02,1.211693882942199707e+00,4.929798245429992676e-01,-6.020355504006147385e-03,-3.909854888916015625e-01,3.144906461238861084e-01,4.622357487678527832e-01,6.903158128261566162e-02,-4.725240636616945267e-03
-3.660254552960395813e-02,1.070459365844726562e+00,7.136782258749008179e-02,4.896862506866455078e-01,-2.566503286361694336e-01,1.212127447128295898e+00,6.930889487266540527e-01,-1.757113099098205566e+00,-4.920255243778228760e-01,-7.985658049583435059e-01
3.990007638931274414e-01,1.086760401725769043e+00,-3.410571217536926270e-01,-4.427423775196075439e-01,8.143572807312011719e-01,9.465822577476501465e-01,9.892552495002746582e-01,-1.435802221298217773e+00,-6.397209167480468750e-01,7.748702764511108398e-01
-8.466970920562744141e-01,6.222430467605590820e-01,2.277281284332275391e-01,-3.853442668914794922e-01,-8.894111514091491699e-01,-5.812288522720336914e-01,2.497008256614208221e-02,-3.934826254844665527e-01,2.101670205593109131e-01,-9.482210278511047363e-01
-9.743042588233947754e-01,-1.381097316741943359e+00,4.739028811454772949e-01,1.615887284278869629e+00,4.293363690376281738e-01,7.196987271308898926e-01,-1.090292572975158691e+00,1.002096652984619141e+00,7.931926250457763672e-01,-3.446274399757385254e-01
-6.544340848922729492e-01,-2.275071620941162109e+00,-3.683567941188812256e-01,-2.594686150550842285e-01,-1.706046313047409058e-01,1.025078296661376953e+00,-9.384275674819946289e-01,-7.611365318298339844e-01,-2.470447719097137451e-01,-9.946811199188232422e-01
-3.899335563182830811e-01,6.995818018913269043e-01,8.489785790443420410e-01,5.137593150138854980e-01,-4.620139598846435547e-01,1.284692436456680298e-01,2.815511524677276611e-01,-2.726199328899383545e-01,3.749289810657501221e-01,5.834524631500244141e-01
1.203747272491455078e+00,-3.226510584354400635e-01,-1.146055221557617188e+00,-3.631274402141571045e-01,-8.673164844512939453e-01,-2.099524438381195068e-01,-4.436759278178215027e-02,-2.111773192882537842e-01,-4.159500300884246826e-01,-1.307762265205383301e+00
-2.607322931289672852e-01,6.505494117736816406e-01,-1.472796678543090820e+00,-6.340254545211791992e-01,-3.833048045635223389e-02,8.755831122398376465e-01,-1.548543095588684082e+00,2.666429877281188965e-01,7.026442885398864746e-01,9.413858056068420410e-01
-1.535229682922363281e+00,-7.068128585815429688e-01,3.181348443031311035e-01,-6.408768892288208008e-01,1.125522702932357788e-01,2.301621884107589722e-01,6.511107683181762695e-01,-3.759043514728546143e-01,7.855299711227416992e-01,8.341988325119018555e-01
1.161672353744506836e+00,2.982785105705261230e-01,-3.784613683819770813e-02,-1.387514352798461914e+00,-6.610701084136962891e-01,-3.331315517425537109e-02,-9.679361432790756226e-02,-1.837951421737670898e+00,-6.003654003143310547e-01,3.904108703136444092e-01
-2.286279201507568359e-01,-3.009888231754302979e-01,-1.170241236686706543e+00,9.956828951835632324e-01,-3.285307288169860840e-01,-1.048280954360961914e+00,1.068430662155151367e+00,-6.097251772880554199e-01,-1.413526892662048340e+00,-1.660203456878662109e+00
7.380486130714416504e-01,-5.417087674140930176e-01,5.755584239959716797e-01,1.778570413589477539e+00,-1.361658096313476562e+00,5.846358537673950195e-01,-6.219145655632019043e-02,1.402697801589965820e+00,-3.203626722097396851e-02,9.084534645080566406e-01
1.141540408134460449e+00,-2.385454326868057251e-01,-1.489050865173339844e+00,-1.566321775317192078e-02,7.811933755874633789e-01,-9.576530754566192627e-02,-4.667158424854278564e-01,3.136918246746063232e-01,-2.221648454666137695e+00,-5.251671671867370605e-01
-1.560822963714599609e+00,1.077009558677673340e+00,6.661032438278198242e-01,1.542388498783111572e-01,-2.618547081947326660e-01,-1.943956971168518066e+00,-5.912933349609375000e-01,3.607508242130279541e-01,-1.679937958717346191e+00,9.304467439651489258e-01
-2.258094847202301025e-01,6.909780502319335938e-01,-9.489100575447082520e-01,5.057036280632019043e-01,8.924913406372070312e-01,1.708073168992996216e-01,3.912744224071502686e-01,1.707129776477813721e-01,2.593290209770202637e-01,9.583429098129272461e-01
-9.881005287170410156e-01,-4.393239319324493408e-01,-6.198053061962127686e-02,4.680600464344024658e-01,-8.570711612701416016e-01,-5.576583147048950195e-01,7.127358913421630859e-01,-6.426789760589599609e-01,7.759515643119812012e-01,2.834058403968811035e-01
-5.109972953796386719e-01,-3.540394902229309082e-01,-5.319957733154296875e-01,3.312116563320159912e-01,-1.642815232276916504e+00,7.146211266517639160e-01,1.488490819931030273e+00,-1.066099524497985840e+00,1.380862951278686523e+00,-1.266565680503845215e+00
-1.135750770568847656e+00,1.877682060003280640e-01,3.899517953395843506e-01,-1.415412306785583496e+00,-3.436317145824432373e-01,-9.279815554618835449e-01,1.426362246274948120e-01,5.207080245018005371e-01,-1.352756261825561523e+00,8.362584114074707031e-01
1.532196521759033203e+00,2.888565361499786377e-01,-4.233764857053756714e-02,1.009716033935546875e+00,-1.285048842430114746e+00,3.153326213359832764e-01,-8.327867984771728516e-01,-3.127537071704864502e-01,-1.020793676376342773e+00,-1.340312123298645020e+00
-5.133631825447082520e-01,-8.928860425949096680e-01,1.761936902999877930e+00,3.332917094230651855e-01,2.730501294136047363e-01,-1.174008607864379883e+00,-2.086711823940277100e-01,-1.347972196526825428e-03,-1.046153903007507324e+00,2.751467227935791016e+00
4.152095913887023926e-01,-8.800091147422790527e-01,2.124853372573852539e+00,-6.249741315841674805e-01,-1.240795925259590149e-01,-1.201695561408996582e+00,-8.166039586067199707e-01,8.673517107963562012e-01,3.031153790652751923e-02,2.782681882381439209e-01
6.771889328956604004e-02,-1.091796755790710449e+00,-2.034486055374145508e+00,-5.174305438995361328e-01,-5.927812457084655762e-01,6.544439196586608887e-01,5.198954343795776367e-01,8.845688700675964355e-01,-1.193175673484802246e+00,-1.514419317245483398e+00
-5.205842852592468262e-01,-8.001298904418945312e-01,4.264902770519256592e-01,2.124082088470458984e+00,1.043344661593437195e-01,-1.404520630836486816e+00,-2.424092292785644531e+00,7.696113586425781250e-01,1.828318685293197632e-01,-1.912210322916507721e-02
2.338716536760330200e-01,1.191126942634582520e+00,5.698486566543579102e-01,-1.827939510345458984e+00,-1.492504477500915527e+00,1.696894466876983643e-01,-1.565658748149871826e-01,-5.136512517929077148e-01,9.113885164260864258e-01,-4.390813410282135010e-01
-1.076773047447204590e+00,-4.008626937866210938e-01,4.307266473770141602e-01,-8.049696683883666992e-01,6.844599843025207520e-01,6.308387964963912964e-02,-2.319726467132568359e+00,1.183690950274467468e-01,-1.917563557624816895e+00,-1.939930319786071777e-01
-1.296201467514038086e+00,-4.063838422298431396e-01,1.147996425628662109e+00,-2.060997635126113892e-01,3.490730375051498413e-02,3.470238447189331055e-01,7.619901895523071289e-01,-6.269372105598449707e-01,1.412860393524169922e+00,-1.332086026668548584e-01
-1.083191156387329102e+00,2.378131747245788574e-01,-1.006860006600618362e-02,5.375713109970092773e-01,-3.748777508735656738e-01,1.115093469619750977e+00,-5.313243865966796875e-01,8.389944434165954590e-01,1.243844270706176758e+00,1.473694890737533569e-01
-8.494007587432861328e-02,3.632636964321136475e-01,-6.264503598213195801e-01,1.187563061714172363e+00,1.820630431175231934e+00,2.625589668750762939e-01,-1.604327797889709473e+00,1.939174085855484009e-01,-7.689486145973205566e-01,1.475423693656921387e+00
-3.785303235054016113e-01,-8.680050969123840332e-01,9.823221564292907715e-01,2.369852513074874878e-01,-1.052816152572631836e+00,9.981963634490966797e-01,1.010061893612146378e-02,-2.845352888107299805e-01,1.262159228324890137e+00,-7.469933032989501953e-01
3.745167851448059082e-01,-1.075368404388427734e+00,-6.075307130813598633e-01,1.354803085327148438e+00,-4.551571309566497803e-01,-3.088235557079315186e-01,-2.719622254371643066e-01,-1.595794856548309326e-01,1.283435702323913574e+00,4.657222032546997070e-01
-2.398137003183364868e-01,-1.525779485702514648e+00,9.631513357162475586e-01,1.915345907211303711e+00,-4.173999726772308350e-01,5.903565287590026855e-01,2.557727694511413574e-01,2.052864551544189453e+00,1.039173007011413574e+00,-5.474600791931152344e-01
-1.313137054443359375e+00,-1.314733624458312988e+00,-2.222855016589164734e-02,2.107495546340942383e+00,-5.306974649429321289e-01,-2.123447656631469727e+00,1.375526547431945801e+00,-9.881670475006103516e-01,-1.025230050086975098e+00,-7.883625105023384094e-03
1.876127123832702637e-01,-1.432569503784179688e+00,1.421089529991149902e+00,-6.298199295997619629e-01,-4.162530004978179932e-01,3.344170451164245605e-01,-6.109800189733505249e-02,4.824494421482086182e-01,-7.780605927109718323e-03,1.050553679466247559e+00
-7.385919094085693359e-01,1.590745449066162109e+00,-4.074872285127639771e-02,1.792397052049636841e-01,3.674847185611724854e-01,7.059953212738037109e-01,2.794611155986785889e-01,-3.703548312187194824e-01,-3.488897383213043213e-01,-7.183508872985839844e-01
-7.368765473365783691e-01,3.446121811866760254e-01,-1.500805497169494629e+00,8.449573516845703125e-01,2.180824041366577148e+00,7.698613405227661133e-01,1.001748800277709961e+00,3.709989190101623535e-01,1.934129118919372559e+00,4.650270342826843262e-01
3.566777408123016357e-01,-1.085482239723205566e+00,-7.952974736690521240e-02,7.864400148391723633e-01,6.375477910041809082e-01,3.218876123428344727e+00,4.666090011596679688e-01,3.772829174995422363e-01,4.881968796253204346e-01,1.359370589256286621e+00
-9.711865335702896118e-02,-8.225557953119277954e-02,6.495413184165954590e-02,2.866445183753967285e-01,6.254763007164001465e-01,1.402607321739196777e+00,-2.256502211093902588e-01,-2.364557236433029175e-01,-5.177506208419799805e-01,1.016312837600708008e+00
2.013932466506958008e-01,6.249515414237976074e-01,-2.376765251159667969e+00,-1.461862772703170776e-01,-2.011132240295410156e+00,2.026255607604980469e+00,2.845619618892669678e-01,-1.493771970272064209e-01,-1.796546429395675659e-01,-1.565693855285644531e+00
-1.303086042404174805e+00,2.622522413730621338e-01,-1.271418213844299316e+00,-1.607261419296264648e+00,-7.294759154319763184e-01,1.779841542243957520e+00,2.969812974333763123e-02,1.210058853030204773e-01,-3.052111566066741943e-01,-5.734167098999023438e-01
4.871571362018585205e-01,1.043881416320800781e+00,-8.290876746177673340e-01,-5.286986827850341797e-01,-2.322556525468826294e-01,-2.274916321039199829e-01,5.225166082382202148e-01,4.630167186260223389e-01,1.213171005249023438e+00,5.396426320075988770e-01
-5.763456225395202637e-01,-3.011015355587005615e-01,5.629302263259887695e-01,-7.791560143232345581e-02,-4.122524261474609375e-01,7.862902283668518066e-01,-7.165045142173767090e-01,-6.129759550094604492e-01,5.495845675468444824e-01,-1.226352676749229431e-01
3.337778151035308838e-01,-4.956019520759582520e-01,4.493506848812103271e-01,-7.073073983192443848e-01,-1.510528922080993652e+00,8.580205440521240234e-01,1.773376226425170898e+00,2.826956510543823242e-01,-7.122118473052978516e-01,9.494648575782775879e-01
-5.647869706153869629e-01,-1.120851039886474609e+00,-1.400628089904785156e+00,6.103833317756652832e-01,-3.997269868850708008e-01,-5.717393159866333008e-01,-1.857925891876220703e+00,-1.276439428329467773e+00,1.168583273887634277e+00,-5.391224622726440430e-01
1.291164755821228027e+00,-5.748618245124816895e-01,8.590213656425476074e-01,4.242887198925018311e-01,-3.483038246631622314e-01,-1.071391105651855469e+00,-9.197380542755126953e-01,-5.901063680648803711e-01,-1.157395005226135254e+00,-5.919696092605590820e-01
-1.600083559751510620e-01,1.676551580429077148e+00,-1.291894078254699707e+00,-1.096905946731567383e+00,1.204965356737375259e-02,3.508001565933227539e-01,-2.208944082260131836e+00,-4.105092585086822510e-01,-6.194192171096801758e-02,4.696267843246459961e-01
-2.754287123680114746e-01,5.166918635368347168e-01,-6.170768141746520996e-01,8.083019852638244629e-01,7.106952667236328125e-01,-5.458818674087524414e-01,-1.055552482604980469e+00,-7.484434247016906738e-01,-1.358346104621887207e+00,5.025861859321594238e-01
-7.511814236640930176e-01,-2.925235331058502197e-01,-2.541883707046508789e+00,-2.288921736180782318e-02,8.394798040390014648e-01,-2.919223606586456299e-01,2.619373612105846405e-02,1.710020899772644043e+00,-6.358782052993774414e-01,-1.438443362712860107e-01
2.352861166000366211e-01,1.753366827964782715e+00,-1.598536252975463867e+00,1.808483839035034180e+00,4.645423591136932373e-01,-6.976640820503234863e-01,-5.254629850387573242e-01,1.022398948669433594e+00,8.175180554389953613e-01,-1.705762743949890137e-01
1.707050442695617676e+00,-1.260868012905120850e-01,-1.554230928421020508e+00,4.205562770366668701e-01,-2.043090462684631348e-01,-1.350174307823181152e+00,9.057483077049255371e-01,2.859956920146942139e-01,-1.172972843050956726e-01,-1.057004213333129883e+00
-8.111460804939270020e-01,1.099575757980346680e+00,6.762995719909667969e-01,5.206016898155212402e-01,-3.697454929351806641e-01,3.142675459384918213e-01,-1.142983317375183105e+00,-8.951637744903564453e-01,1.152402400970458984e+00,-1.085708022117614746e+00
-1.345692425966262817e-01,-8.746492266654968262e-01,2.692819535732269287e-01,7.499830126762390137e-01,1.338968396186828613e+00,-1.714765310287475586e+00,1.885805279016494751e-01,-1.610516160726547241e-01,-1.763623952865600586e+00,1.446901798248291016e+00
-1.009633898735046387e+00,-5.865327082574367523e-03,9.813416004180908203e-01,4.066236913204193115e-01,1.663843095302581787e-01,1.480674386024475098e+00,-8.528859615325927734e-01,3.017518222332000732e-01,1.565090417861938477e+00,3.402088284492492676e-01
1.222780942916870117e+00,-4.813294410705566406e-01,-1.010162457823753357e-01,-1.623543947935104370e-01,7.924399375915527344e-01,-1.189782500267028809e+00,-4.512692391872406006e-01,2.808153331279754639e-01,-6.049712300300598145e-01,2.312453031539916992e+00
5.403563976287841797e-01,2.771866694092750549e-02,7.159144878387451172e-01,-1.823957115411758423e-01,-1.344189882278442383e+00,-3.610244095325469971e-01,1.714637577533721924e-01,1.499371137470006943e-02,-1.333780527114868164e+00,-5.696800351142883301e-01
-6.364514231681823730e-01,-3.177791237831115723e-01,7.021818775683641434e-03,-4.460809826850891113e-01,1.280674815177917480e+00,-4.609082639217376709e-01,-6.665609478950500488e-01,5.654657483100891113e-01,-1.200495958328247070e+00,1.930500507354736328e+00
-4.875085502862930298e-02,7.595914602279663086e-01,1.089801311492919922e+00,8.826268315315246582e-01,1.138043880462646484e+00,-4.885734915733337402e-01,-1.405088752508163452e-01,9.664233922958374023e-01,2.122879177331924438e-01,-1.015537738800048828e+00
-9.709041118621826172e-01,-5.000776648521423340e-01,-2.491949796676635742e+00,-7.652060594409704208e-04,8.311589360237121582e-01,2.198548018932342529e-01,-1.733289599418640137e+00,-5.600704550743103027e-01,4.650651514530181885e-01,1.881588697433471680e+00
-3.358103036880493164e-01,1.316368699073791504e+00,1.676115632057189941e+00,6.801506876945495605e-01,1.984027177095413208e-01,-2.110765501856803894e-02,2.627834975719451904e-01,5.111998319625854492e-01,4.083098843693733215e-02,1.469800900667905807e-02
-1.516048610210418701e-01,1.665617942810058594e+00,-1.337100744247436523e+00,2.856622636318206787e-01,7.452074289321899414e-01,1.093400478363037109e+00,-1.087729811668395996e+00,1.235257506370544434e+00,-1.388832740485668182e-02,-7.285394668579101562e-01
1.376999765634536743e-01,-2.132527083158493042e-01,-2.784297466278076172e+00,1.072235226631164551e+00,-3.201212882995605469e-01,-5.834155082702636719e-01,-8.467749357223510742e-01,2.929227054119110107e-01,-7.429840415716171265e-02,-1.249646544456481934e+00
-6.889997124671936035e-01,-5.397520065307617188e-01,4.916368052363395691e-02,-4.493290483951568604e-01,8.768588304519653320e-01,7.652985397726297379e-03,-6.720476746559143066e-01,9.264192581176757812e-01,1.642130613327026367e+00,-9.746584296226501465e-01
-1.639828801155090332e+00,3.945468068122863770e-01,-9.695042967796325684e-01,1.664092689752578735e-01,1.038884639739990234e+00,-3.237043321132659912e-01,-6.700595021247863770e-01,9.151230454444885254e-01,4.864583015441894531e-01,2.775231376290321350e-02
-1.780033707618713379e-01,-4.765939116477966309e-01,2.800460457801818848e-01,-1.429021209478378296e-01,-3.346489742398262024e-02,-5.767526626586914062e-01,-1.817435324192047119e-01,-1.457565784454345703e+00,9.065180420875549316e-01,-6.955783367156982422e-01
-6.455978751182556152e-01,-2.331490516662597656e+00,-2.828112542629241943e-01,1.016939759254455566e+00,1.856334686279296875e+00,-1.520882964134216309e+00,1.259758919477462769e-01,-3.512145578861236572e-01,7.781391143798828125e-01,6.431399583816528320e-01
-1.755195498466491699e+00,1.483113527297973633e+00,-3.634371757507324219e-01,1.268463134765625000e-01,3.580890297889709473e-01,9.592189192771911621e-01,6.230158209800720215e-01,2.078324854373931885e-01,1.003267094492912292e-01,1.695839613676071167e-01
1.013366341590881348e+00,2.977802276611328125e+00,1.745683312416076660e+00,-7.077637314796447754e-01,1.825715661048889160e+00,9.331769496202468872e-02,1.908162713050842285e+00,8.735498785972595215e-01,-7.737704515457153320e-01,1.614095568656921387e-01
2.985039958730340004e-03,2.194542884826660156e+00,7.539673447608947754e-01,-7.276512980461120605e-01,5.384925380349159241e-02,-2.982245981693267822e-01,1.197470545768737793e+00,-4.673816859722137451e-01,-8.404568433761596680e-01,-5.811251401901245117e-01
-4.127559661865234375e-01,-2.170659542083740234e+00,-1.295782625675201416e-01,1.194420307874679565e-01,3.950812518596649170e-01,-7.933342456817626953e-02,1.784546136856079102e+00,-1.080705404281616211e+00,1.191104888916015625e+00,1.009507775306701660e+00
3.609803272411227226e-03,-8.256894350051879883e-02,-1.267793416976928711e+00,2.839695513248443604e-01,-1.107672572135925293e+00,1.760240644216537476e-01,3.016493320465087891e-01,1.169819235801696777e+00,-2.297347784042358398e+00,-1.462988734245300293e+00
-2.203503847122192383e-01,2.497729063034057617e-01,-4.008021354675292969e-01,3.684404864907264709e-02,-7.052853703498840332e-01,-2.273143380880355835e-01,-1.316900014877319336e+00,-1.962734699249267578e+00,-6.705911755561828613e-01,-1.279372811317443848e+00
1.790448427200317383e-01,2.116429090499877930e+00,-9.993252754211425781e-01,1.579776525497436523e+00,8.644056320190429688e-01,7.686587572097778320e-01,-3.292250633239746094e-01,1.307231634855270386e-01,-4.311477541923522949e-01,3.948764503002166748e-01
-1.061726331710815430e+00,-1.111526250839233398e+00,-1.489613294601440430e+00,9.718319773674011230e-01,6.074877977371215820e-01,2.194047212600708008e+00,3.999783694744110107e-01,1.091828942298889160e+00,2.656965553760528564e-01,-1.787535548210144043e+00
6.178933382034301758e-01,-6.782566905021667480e-01,-1.481595993041992188e+00,-1.231245040893554688e+00,-5.243396162986755371e-01,-1.253989577293395996e+00,1.400232434272766113e+00,-9.514303803443908691e-01,-2.550313770771026611e-01,-1.613873988389968872e-02
5.998096466064453125e-01,1.225267529487609863e+00,-2.088207960128784180e+00,-1.171914815902709961e+00,-9.407425522804260254e-01,9.765788912773132324e-02,-7.677847743034362793e-01,-5.081835985183715820e-01,-6.753182411193847656e-02,-9.850301146507263184e-01
